{"留": 0, "莉": 1, "b": 2, "L": 3, "v": 4, "晖": 5, "害": 6, "本": 7, "H": 8, "雪": 9, "暂": 10, "茶": 11, "睿": 12, "盛": 13, "陈": 14, "″": 15, "汉": 16, "i": 17, "煊": 18, "铁": 19, "客": 20, "御": 21, "汾": 22, "笃": 23, "霞": 24, "县": 25, "振": 26, "积": 27, "钱": 28, "延": 29, "濮": 30, "座": 31, "十": 32, "常": 33, "版": 34, "升": 35, "潇": 36, "几": 37, "悉": 38, "幸": 39, "挺": 40, "半": 41, "市": 42, "园": 43, "斤": 44, "绣": 45, "拉": 46, "入": 47, "锋": 48, "衡": 49, "三": 50, "霸": 51, "刷": 52, "(": 53, "剪": 54, "旅": 55, "慈": 56, "晟": 57, "识": 58, "茜": 59, "非": 60, "同": 61, "夫": 62, "镇": 63, "注": 64, "发": 65, "巴": 66, "众": 67, "券": 68, "ú": 69, "套": 70, "掌": 71, "二": 72, "慧": 73, "师": 74, "陵": 75, "敏": 76, "潘": 77, "夕": 78, "砖": 79, "戈": 80, "呼": 81, "共": 82, "笛": 83, "速": 84, "容": 85, "鸿": 86, "领": 87, "珏": 88, "业": 89, "没": 90, "饪": 91, "熔": 92, "蒙": 93, "邹": 94, "战": 95, "份": 96, "贴": 97, "薄": 98, "朗": 99, "邓": 100, "尼": 101, "虎": 102, "裘": 103, "茂": 104, "陕": 105, "丁": 106, "或": 107, "锂": 108, "功": 109, "萍": 110, "湧": 111, "医": 112, "重": 113, "灌": 114, "彭": 115, "融": 116, "渤": 117, "橡": 118, "能": 119, "赖": 120, "环": 121, "邮": 122, "魏": 123, "尤": 124, "峨": 125, "肽": 126, "玉": 127, "材": 128, "亦": 129, "淄": 130, "盐": 131, "荣": 132, "岚": 133, "舞": 134, "感": 135, "承": 136, "鞍": 137, "洋": 138, "氮": 139, "沂": 140, "荷": 141, "国": 142, "劝": 143, "澜": 144, "碧": 145, "出": 146, "准": 147, "骏": 148, "伟": 149, "汝": 150, "定": 151, "因": 152, "钙": 153, "间": 154, "灵": 155, "施": 156, "康": 157, "倪": 158, "迅": 159, "水": 160, "甲": 161, "刘": 162, "斯": 163, "罚": 164, "映": 165, "勒": 166, "柜": 167, "损": 168, "脉": 169, "伊": 170, "”": 171, "析": 172, "锈": 173, "貌": 174, "举": 175, "肯": 176, "冲": 177, "煌": 178, "藏": 179, "碳": 180, "理": 181, "讲": 182, "斌": 183, "乐": 184, "贺": 185, "匹": 186, "B": 187, "韩": 188, "麟": 189, "梗": 190, "许": 191, "享": 192, "驾": 193, "排": 194, "凝": 195, "应": 196, "敷": 197, "祖": 198, "挡": 199, "配": 200, "敖": 201, "阿": 202, "贤": 203, "往": 204, "图": 205, "屿": 206, "毛": 207, "决": 208, "鸣": 209, "临": 210, "个": 211, "驻": 212, "昆": 213, "愿": 214, "聘": 215, "鲜": 216, "倩": 217, "一": 218, "六": 219, "测": 220, "煤": 221, "后": 222, "鑫": 223, "式": 224, "位": 225, "境": 226, "适": 227, "（": 228, "昀": 229, "得": 230, "泓": 231, "有": 232, "嵘": 233, "祝": 234, "爱": 235, "〇": 236, "枝": 237, "佗": 238, "艺": 239, "宾": 240, "沃": 241, "横": 242, "罪": 243, "规": 244, "优": 245, "剂": 246, "习": 247, "哥": 248, "浮": 249, "奈": 250, "使": 251, "窖": 252, "8": 253, "杂": 254, "段": 255, "崃": 256, "折": 257, "柴": 258, "杭": 259, "玺": 260, "忠": 261, "花": 262, "岗": 263, "愉": 264, "翥": 265, "堂": 266, "化": 267, "鄞": 268, "琴": 269, "罘": 270, "柯": 271, "道": 272, "风": 273, "秦": 274, "紫": 275, "家": 276, "锁": 277, "坡": 278, "男": 279, "极": 280, "批": 281, "惊": 282, "侨": 283, "研": 284, "构": 285, "珊": 286, "译": 287, "租": 288, "答": 289, "贸": 290, "钻": 291, "宣": 292, "深": 293, "认": 294, "请": 295, "划": 296, "于": 297, "塘": 298, "裂": 299, "裸": 300, "时": 301, "输": 302, "皖": 303, "扬": 304, "种": 305, "牧": 306, "希": 307, "怡": 308, "色": 309, "械": 310, "不": 311, "征": 312, "彤": 313, "接": 314, "赵": 315, "锌": 316, "邵": 317, "勘": 318, "皮": 319, "磊": 320, "京": 321, "母": 322, "止": 323, "兆": 324, "核": 325, "蕊": 326, "谈": 327, "床": 328, "、": 329, "工": 330, "派": 331, "井": 332, "宝": 333, "获": 334, "的": 335, "类": 336, "北": 337, "仲": 338, "向": 339, "官": 340, "系": 341, "菲": 342, "啤": 343, "尖": 344, "受": 345, "衔": 346, "药": 347, "奇": 348, "畜": 349, "产": 350, "％": 351, "旭": 352, "堡": 353, "吴": 354, "琼": 355, "队": 356, "仕": 357, "雁": 358, "致": 359, "汽": 360, "并": 361, "琦": 362, "素": 363, "级": 364, "炜": 365, "话": 366, "省": 367, "证": 368, "问": 369, "箭": 370, "孙": 371, "武": 372, "枣": 373, "戚": 374, "屈": 375, "录": 376, "h": 377, "抗": 378, "洗": 379, "覆": 380, "沪": 381, "戏": 382, "询": 383, "病": 384, "挪": 385, "两": 386, "欧": 387, "溪": 388, "握": 389, "播": 390, "跨": 391, "樊": 392, "索": 393, "冈": 394, "麓": 395, "摘": 396, "意": 397, "扎": 398, "~": 399, "装": 400, "卤": 401, "羚": 402, "总": 403, "社": 404, "华": 405, "奴": 406, "嘉": 407, "饮": 408, "贵": 409, "I": 410, "磷": 411, "很": 412, "镀": 413, "萨": 414, "纳": 415, "函": 416, "星": 417, "乔": 418, "蔚": 419, "钣": 420, "岱": 421, "囊": 422, "辟": 423, "蓝": 424, "云": 425, "络": 426, "第": 427, "蕴": 428, "仇": 429, "为": 430, "滔": 431, "馆": 432, "引": 433, "青": 434, "超": 435, "登": 436, "钊": 437, "拿": 438, "晋": 439, "禾": 440, "置": 441, "女": 442, "媛": 443, "牛": 444, "g": 445, "庄": 446, "襄": 447, "内": 448, "航": 449, "盘": 450, "湘": 451, "策": 452, "G": 453, "亭": 454, "访": 455, "澄": 456, "事": 457, "昱": 458, "川": 459, "皿": 460, "浙": 461, "瓦": 462, "政": 463, "量": 464, "燕": 465, "验": 466, "彪": 467, "他": 468, "添": 469, "咨": 470, "弟": 471, "破": 472, "钼": 473, "翔": 474, "商": 475, "篇": 476, "之": 477, "促": 478, "异": 479, "土": 480, "米": 481, "彰": 482, "蓄": 483, "津": 484, "顶": 485, "缘": 486, "桥": 487, "墙": 488, "銮": 489, "C": 490, "仪": 491, "粤": 492, "洞": 493, "件": 494, "丝": 495, "w": 496, "鞋": 497, "泗": 498, "崔": 499, "锰": 500, "遥": 501, "妮": 502, "顾": 503, "乘": 504, "吐": 505, "弘": 506, "曼": 507, "营": 508, "轮": 509, "佃": 510, "过": 511, "着": 512, "以": 513, "密": 514, "疗": 515, "昌": 516, "泰": 517, "臵": 518, "绸": 519, "西": 520, "漫": 521, "转": 522, "身": 523, "脏": 524, "当": 525, "宗": 526, "银": 527, "站": 528, "瓶": 529, "犁": 530, "片": 531, "退": 532, "李": 533, "某": 534, "通": 535, "贷": 536, "沛": 537, "媒": 538, "安": 539, "拔": 540, "冠": 541, "光": 542, "称": 543, "波": 544, "我": 545, "钉": 546, "鸡": 547, "泥": 548, "兵": 549, "码": 550, "者": 551, "涪": 552, "具": 553, "依": 554, "昕": 555, "佰": 556, "整": 557, "该": 558, "箱": 559, "地": 560, "荐": 561, "气": 562, "兴": 563, "如": 564, "边": 565, "斐": 566, "平": 567, "圣": 568, "封": 569, "戍": 570, "仿": 571, "户": 572, "炳": 573, "烃": 574, "夏": 575, "娱": 576, "冬": 577, "想": 578, "梅": 579, "章": 580, "助": 581, "舆": 582, "宏": 583, "曙": 584, "株": 585, "铭": 586, "饭": 587, "涂": 588, "奎": 589, "朝": 590, "服": 591, "烨": 592, "谢": 593, "亮": 594, "未": 595, "王": 596, "梯": 597, "渔": 598, "换": 599, "卢": 600, "声": 601, "单": 602, "将": 603, "职": 604, "殖": 605, "造": 606, "峡": 607, "你": 608, "隆": 609, "厂": 610, "高": 611, "赁": 612, "郸": 613, "迪": 614, "栖": 615, "撑": 616, "续": 617, "付": 618, "寰": 619, "捆": 620, "[": 621, "揭": 622, "度": 623, "莱": 624, "辑": 625, "铜": 626, "累": 627, "澳": 628, "轩": 629, "红": 630, "影": 631, "教": 632, "债": 633, "癀": 634, "季": 635, "r": 636, "晔": 637, "卫": 638, "鸽": 639, "强": 640, "鱼": 641, "秀": 642, "林": 643, "岭": 644, "伙": 645, "肇": 646, "网": 647, "兰": 648, "越": 649, "龄": 650, "方": 651, "自": 652, "日": 653, "天": 654, "迁": 655, "萌": 656, "腔": 657, "佳": 658, "露": 659, "兼": 660, "贝": 661, "刑": 662, "庆": 663, "对": 664, "阜": 665, "年": 666, "洛": 667, "到": 668, "百": 669, "协": 670, "资": 671, "泾": 672, "哲": 673, "贩": 674, "突": 675, "游": 676, "倍": 677, "键": 678, "鼓": 679, "N": 680, "里": 681, "陶": 682, "蹭": 683, "张": 684, "暨": 685, "监": 686, "芝": 687, "谦": 688, "兄": 689, "孚": 690, "改": 691, "温": 692, "培": 693, "区": 694, "W": 695, "姜": 696, "伯": 697, "涉": 698, "琳": 699, "担": 700, "廉": 701, "合": 702, "液": 703, "款": 704, "食": 705, "灯": 706, "纹": 707, "槐": 708, "蕾": 709, "固": 710, "最": 711, "减": 712, "育": 713, "善": 714, "捷": 715, "是": 716, "犯": 717, "演": 718, "“": 719, "翰": 720, "淇": 721, "物": 722, "俄": 723, "股": 724, "维": 725, "参": 726, "翟": 727, "彩": 728, "面": 729, "熊": 730, "郑": 731, "支": 732, "指": 733, "导": 734, "包": 735, "迎": 736, "香": 737, "桓": 738, "储": 739, "毒": 740, "益": 741, "福": 742, "姓": 743, "辩": 744, "微": 745, "览": 746, "烟": 747, "设": 748, "经": 749, "长": 750, "锦": 751, "渚": 752, "贡": 753, "低": 754, "世": 755, "磬": 756, "息": 757, "负": 758, "招": 759, "关": 760, "禹": 761, "y": 762, "逾": 763, "从": 764, "仔": 765, "◆": 766, "惩": 767, "番": 768, "/": 769, "茹": 770, "冶": 771, "韵": 772, "备": 773, "严": 774, "狼": 775, "草": 776, "%": 777, "欢": 778, "根": 779, "玩": 780, "稀": 781, "邬": 782, "税": 783, "卡": 784, "骑": 785, "课": 786, "7": 787, "茵": 788, "艾": 789, "岳": 790, "讯": 791, "神": 792, "论": 793, "渠": 794, "廖": 795, "瀚": 796, "锫": 797, "激": 798, "供": 799, "亿": 800, "坦": 801, "早": 802, "郴": 803, "廷": 804, "旦": 805, "龟": 806, "保": 807, "蓬": 808, "郭": 809, "近": 810, "役": 811, "怀": 812, "宫": 813, "○": 814, "泠": 815, "璃": 816, "治": 817, "笑": 818, "祯": 819, "绩": 820, "獐": 821, "濠": 822, "黎": 823, "智": 824, "才": 825, "锗": 826, "艳": 827, "润": 828, "匡": 829, "裁": 830, "锠": 831, "染": 832, "鼎": 833, "辅": 834, "喆": 835, "也": 836, "计": 837, "读": 838, "渝": 839, "括": 840, "连": 841, "孝": 842, "视": 843, "K": 844, "仁": 845, "室": 846, "郝": 847, "桂": 848, "宪": 849, "范": 850, "奉": 851, "茗": 852, "动": 853, "架": 854, "佘": 855, "闫": 856, "们": 857, "步": 858, "威": 859, "门": 860, "执": 861, "观": 862, "流": 863, "胜": 864, "m": 865, "取": 866, "霜": 867, "实": 868, "-": 869, "快": 870, "机": 871, "彦": 872, "夷": 873, "墨": 874, "费": 875, "赞": 876, "局": 877, "浴": 878, "酯": 879, "韶": 880, "醴": 881, "毅": 882, "蒯": 883, "记": 884, "筹": 885, "好": 886, "已": 887, "滩": 888, "椒": 889, "厅": 890, "昭": 891, "俞": 892, "冯": 893, "蔡": 894, "仑": 895, "冰": 896, "纸": 897, "E": 898, "另": 899, "纤": 900, "帆": 901, "挂": 902, "端": 903, "稿": 904, "截": 905, "轧": 906, "滨": 907, "照": 908, "零": 909, "做": 910, "易": 911, "驰": 912, "脑": 913, "饶": 914, "叔": 915, "月": 916, "予": 917, "仝": 918, "购": 919, "《": 920, "语": 921, "嵌": 922, "烘": 923, "郧": 924, "会": 925, "励": 926, "吕": 927, "都": 928, "复": 929, "八": 930, "约": 931, "邀": 932, "界": 933, "友": 934, "占": 935, "玛": 936, "漳": 937, "互": 938, "族": 939, "望": 940, "住": 941, "谷": 942, "s": 943, "提": 944, "见": 945, "次": 946, "卖": 947, "班": 948, "糖": 949, "它": 950, "菌": 951, "继": 952, "河": 953, "5": 954, "挥": 955, "尧": 956, "霍": 957, "履": 958, "开": 959, "帐": 960, "麻": 961, "衬": 962, "苏": 963, "赣": 964, "皓": 965, "谊": 966, "辆": 967, "昶": 968, "傅": 969, "尚": 970, "知": 971, "迄": 972, "牙": 973, "召": 974, "雨": 975, "晶": 976, "责": 977, "财": 978, "旗": 979, "壬": 980, "软": 981, "匠": 982, "背": 983, "胞": 984, "起": 985, "结": 986, "戴": 987, "较": 988, "践": 989, "账": 990, "左": 991, "料": 992, "末": 993, "炎": 994, "史": 995, "咸": 996, "略": 997, "学": 998, "来": 999, "线": 1000, "摩": 1001, "陆": 1002, "臧": 1003, "团": 1004, "电": 1005, "泉": 1006, "劣": 1007, "诉": 1008, "玻": 1009, "靖": 1010, "穴": 1011, "德": 1012, "F": 1013, "浦": 1014, "兖": 1015, "尊": 1016, "始": 1017, "尾": 1018, "昂": 1019, "名": 1020, "尔": 1021, "树": 1022, "u": 1023, "矩": 1024, "附": 1025, "塞": 1026, "興": 1027, "鹤": 1028, "此": 1029, "基": 1030, "杨": 1031, "街": 1032, "蔬": 1033, "存": 1034, "查": 1035, "圳": 1036, "，": 1037, "莞": 1038, "彬": 1039, "蛋": 1040, "顺": 1041, "殊": 1042, "Y": 1043, "竞": 1044, "葛": 1045, "》": 1046, "坊": 1047, "飞": 1048, "岁": 1049, "筱": 1050, "充": 1051, "侯": 1052, "筑": 1053, "跃": 1054, "念": 1055, "宛": 1056, "赫": 1057, "巢": 1058, "志": 1059, "店": 1060, "期": 1061, "台": 1062, "下": 1063, "格": 1064, "目": 1065, "审": 1066, "梁": 1067, "球": 1068, "要": 1069, "江": 1070, "良": 1071, "池": 1072, "副": 1073, "虹": 1074, "董": 1075, "璠": 1076, "炼": 1077, "兹": 1078, "震": 1079, "S": 1080, "少": 1081, "颖": 1082, "2": 1083, "d": 1084, "斧": 1085, "特": 1086, "喻": 1087, "衍": 1088, "曲": 1089, "餐": 1090, "山": 1091, "点": 1092, "频": 1093, "稽": 1094, "x": 1095, "数": 1096, "元": 1097, "邱": 1098, "拜": 1099, "宋": 1100, "郎": 1101, "判": 1102, "瑟": 1103, "巨": 1104, "锡": 1105, "鲍": 1106, "繁": 1107, "小": 1108, "伐": 1109, "彼": 1110, "默": 1111, "督": 1112, "锅": 1113, "肖": 1114, "现": 1115, "远": 1116, "昊": 1117, "外": 1118, "阳": 1119, ".": 1120, "活": 1121, "至": 1122, "纬": 1123, "赛": 1124, "擎": 1125, "顿": 1126, "印": 1127, "库": 1128, "灿": 1129, "迈": 1130, "亚": 1131, "居": 1132, "郁": 1133, "邦": 1134, "峰": 1135, "贯": 1136, "o": 1137, "瓷": 1138, "叶": 1139, "太": 1140, "均": 1141, "浪": 1142, "酸": 1143, "法": 1144, "用": 1145, "饰": 1146, "佩": 1147, "肿": 1148, "剑": 1149, "统": 1150, "逢": 1151, "找": 1152, "哈": 1153, "形": 1154, "t": 1155, "粘": 1156, "M": 1157, "1": 1158, "*": 1159, "究": 1160, "煅": 1161, "控": 1162, "纽": 1163, "烹": 1164, "城": 1165, "生": 1166, "莫": 1167, "与": 1168, "宇": 1169, "泵": 1170, "湛": 1171, "及": 1172, "创": 1173, "酒": 1174, "闵": 1175, "阀": 1176, "龙": 1177, "兽": 1178, "垦": 1179, "蛇": 1180, "耀": 1181, "渡": 1182, "鹿": 1183, "聆": 1184, "戒": 1185, "胎": 1186, "绒": 1187, "Z": 1188, "崐": 1189, "豫": 1190, "浏": 1191, "成": 1192, "油": 1193, "响": 1194, "富": 1195, "幼": 1196, "卧": 1197, "籍": 1198, "q": 1199, "柳": 1200, "届": 1201, "首": 1202, "陀": 1203, "皇": 1204, "艇": 1205, "试": 1206, "肃": 1207, "士": 1208, "阎": 1209, "署": 1210, "缸": 1211, "尉": 1212, "群": 1213, "纪": 1214, "坪": 1215, "肥": 1216, "喜": 1217, "额": 1218, "桑": 1219, "芸": 1220, "敬": 1221, "蚀": 1222, "利": 1223, "除": 1224, "免": 1225, "盟": 1226, "稻": 1227, "孟": 1228, "催": 1229, "回": 1230, "巍": 1231, "6": 1232, "芜": 1233, "熟": 1234, "狮": 1235, "博": 1236, "老": 1237, "景": 1238, "况": 1239, "绮": 1240, "硬": 1241, "无": 1242, "田": 1243, "膜": 1244, "院": 1245, "）": 1246, "宽": 1247, "典": 1248, "斗": 1249, "岛": 1250, "粉": 1251, "丰": 1252, "君": 1253, "e": 1254, "音": 1255, "厦": 1256, "欣": 1257, "吊": 1258, "杏": 1259, "险": 1260, "侦": 1261, "干": 1262, "涛": 1263, "庭": 1264, "冻": 1265, "车": 1266, "器": 1267, "层": 1268, "3": 1269, "氧": 1270, "消": 1271, "酬": 1272, "壮": 1273, "淑": 1274, "等": 1275, "原": 1276, "宿": 1277, "鸟": 1278, "权": 1279, "郜": 1280, "采": 1281, "千": 1282, "察": 1283, "丛": 1284, "龚": 1285, "办": 1286, "臣": 1287, "寻": 1288, "妇": 1289, "挖": 1290, "清": 1291, "逸": 1292, "涵": 1293, "颁": 1294, "桐": 1295, "议": 1296, "金": 1297, "薪": 1298, "马": 1299, "仙": 1300, "域": 1301, "歌": 1302, "慎": 1303, "俊": 1304, "由": 1305, "律": 1306, "书": 1307, "公": 1308, "探": 1309, "多": 1310, "际": 1311, "珠": 1312, "蒲": 1313, "苎": 1314, "椰": 1315, "空": 1316, "去": 1317, "岩": 1318, "钰": 1319, "民": 1320, "分": 1321, "术": 1322, "刚": 1323, "真": 1324, "菜": 1325, "磨": 1326, "骆": 1327, "栾": 1328, "礼": 1329, "铝": 1330, "央": 1331, "逊": 1332, "舟": 1333, "潭": 1334, "劲": 1335, "莹": 1336, "寒": 1337, "鹅": 1338, "唐": 1339, "然": 1340, "技": 1341, "舶": 1342, "持": 1343, "潞": 1344, "崇": 1345, "诚": 1346, "羊": 1347, "悦": 1348, "钽": 1349, "济": 1350, "炯": 1351, "趋": 1352, "鲁": 1353, "仓": 1354, "细": 1355, "涤": 1356, "古": 1357, "劳": 1358, "放": 1359, "禺": 1360, "代": 1361, "湾": 1362, "霖": 1363, "推": 1364, "海": 1365, "军": 1366, "轴": 1367, "麒": 1368, "头": 1369, "告": 1370, "毕": 1371, "七": 1372, "]": 1373, "遐": 1374, "效": 1375, "潍": 1376, "铮": 1377, "瑞": 1378, "票": 1379, "棉": 1380, "芭": 1381, "松": 1382, "绪": 1383, "绍": 1384, "；": 1385, "疆": 1386, "刊": 1387, "部": 1388, "浩": 1389, "考": 1390, "模": 1391, "态": 1392, "乡": 1393, "柱": 1394, "猫": 1395, "那": 1396, "舫": 1397, "防": 1398, "了": 1399, "离": 1400, "据": 1401, "杰": 1402, "达": 1403, "凤": 1404, "增": 1405, "托": 1406, "必": 1407, "卸": 1408, "碱": 1409, "汕": 1410, "壳": 1411, "尿": 1412, "上": 1413, "席": 1414, "启": 1415, "疫": 1416, "佛": 1417, "泽": 1418, "璧": 1419, "颂": 1420, "齿": 1421, "独": 1422, "检": 1423, "品": 1424, "健": 1425, "链": 1426, "算": 1427, "凭": 1428, "司": 1429, "则": 1430, "禄": 1431, "&": 1432, "卓": 1433, "聚": 1434, "介": 1435, "鹏": 1436, "楼": 1437, "布": 1438, "畴": 1439, "爆": 1440, "献": 1441, "吾": 1442, "沾": 1443, "恒": 1444, "护": 1445, "炭": 1446, "制": 1447, "邯": 1448, "氨": 1449, "阔": 1450, "南": 1451, "著": 1452, "薛": 1453, "淀": 1454, "完": 1455, "樱": 1456, "爽": 1457, "旺": 1458, "场": 1459, "衣": 1460, "党": 1461, "救": 1462, "评": 1463, "j": 1464, "号": 1465, "立": 1466, "铃": 1467, "甘": 1468, "带": 1469, "绅": 1470, "普": 1471, "袁": 1472, "报": 1473, "奥": 1474, "荆": 1475, "阁": 1476, "苑": 1477, "l": 1478, "覃": 1479, "泸": 1480, "晨": 1481, "建": 1482, "贾": 1483, "项": 1484, "针": 1485, "血": 1486, "申": 1487, "何": 1488, "拥": 1489, "谋": 1490, "辞": 1491, "英": 1492, "在": 1493, "管": 1494, "属": 1495, "纶": 1496, "双": 1497, "射": 1498, "随": 1499, "臻": 1500, "塑": 1501, "纯": 1502, "廊": 1503, "蒂": 1504, "村": 1505, "峪": 1506, "雄": 1507, "轿": 1508, "轻": 1509, "涌": 1510, "人": 1511, "和": 1512, "虫": 1513, "禧": 1514, "胡": 1515, "大": 1516, "言": 1517, "义": 1518, "晓": 1519, "洲": 1520, "乳": 1521, "各": 1522, "册": 1523, "罗": 1524, "徽": 1525, "子": 1526, "宜": 1527, "港": 1528, "n": 1529, "芬": 1530, "允": 1531, "火": 1532, "还": 1533, "估": 1534, "路": 1535, "森": 1536, "令": 1537, "思": 1538, "孔": 1539, "奖": 1540, "旋": 1541, "0": 1542, "鞠": 1543, "胶": 1544, "\"": 1545, "四": 1546, "缝": 1547, "兔": 1548, "汤": 1549, "姚": 1550, "牡": 1551, "抚": 1552, "童": 1553, "虞": 1554, "行": 1555, "休": 1556, "腐": 1557, "腾": 1558, "预": 1559, "符": 1560, "作": 1561, "任": 1562, "～": 1563, "织": 1564, "皋": 1565, "栋": 1566, "直": 1567, "练": 1568, "谭": 1569, "静": 1570, "五": 1571, "销": 1572, "惠": 1573, "情": 1574, "硚": 1575, "科": 1576, "洁": 1577, "4": 1578, "寿": 1579, "曦": 1580, "勃": 1581, "氯": 1582, "展": 1583, "植": 1584, "徐": 1585, "#": 1586, "收": 1587, "浆": 1588, "殷": 1589, "崖": 1590, "员": 1591, "焊": 1592, "A": 1593, "勋": 1594, "源": 1595, "敦": 1596, "庞": 1597, "秘": 1598, "移": 1599, "木": 1600, "援": 1601, "慕": 1602, "闽": 1603, "阪": 1604, "赴": 1605, "先": 1606, "吉": 1607, "塔": 1608, "昇": 1609, "府": 1610, "粮": 1611, "巡": 1612, "州": 1613, "编": 1614, "广": 1615, "豪": 1616, "鉴": 1617, "诣": 1618, "心": 1619, "板": 1620, "稔": 1621, "蒋": 1622, "汁": 1623, "精": 1624, "苗": 1625, "焕": 1626, "勇": 1627, "姆": 1628, "坚": 1629, "。": 1630, "其": 1631, "锯": 1632, "汪": 1633, "示": 1634, "冷": 1635, "新": 1636, "屹": 1637, "磁": 1638, "菱": 1639, "周": 1640, "攀": 1641, "象": 1642, "序": 1643, "凌": 1644, "选": 1645, "雷": 1646, "帝": 1647, "解": 1648, "竹": 1649, "口": 1650, "净": 1651, "祥": 1652, "更": 1653, "P": 1654, "述": 1655, "·": 1656, "余": 1657, "O": 1658, "泛": 1659, "程": 1660, "别": 1661, "今": 1662, "九": 1663, "荔": 1664, "朱": 1665, "值": 1666, "勤": 1667, "庇": 1668, "f": 1669, "就": 1670, "拓": 1671, "送": 1672, "辽": 1673, "燃": 1674, "状": 1675, "V": 1676, "进": 1677, "硅": 1678, "—": 1679, "投": 1680, "誉": 1681, "限": 1682, "乌": 1683, "耳": 1684, "柏": 1685, "笙": 1686, "雅": 1687, "热": 1688, "克": 1689, "玫": 1690, "c": 1691, "宁": 1692, "手": 1693, "满": 1694, "眉": 1695, "铅": 1696, "妥": 1697, "企": 1698, "沿": 1699, "初": 1700, "养": 1701, "简": 1702, "蓉": 1703, "美": 1704, "脂": 1705, "文": 1706, "枫": 1707, "再": 1708, "春": 1709, "丽": 1710, "p": 1711, "\\": 1712, "础": 1713, "闻": 1714, "币": 1715, "汇": 1716, "贻": 1717, "T": 1718, "姿": 1719, "溢": 1720, "圆": 1721, "闸": 1722, "全": 1723, "曾": 1724, "岘": 1725, "瘤": 1726, "汨": 1727, "焱": 1728, "诺": 1729, "处": 1730, "丙": 1731, "穆": 1732, "楚": 1733, "被": 1734, "黑": 1735, "a": 1736, "农": 1737, "：": 1738, "像": 1739, "钟": 1740, "绿": 1741, "明": 1742, "委": 1743, "显": 1744, "钾": 1745, "泡": 1746, "辰": 1747, "铸": 1748, "焦": 1749, "借": 1750, "J": 1751, "D": 1752, "萧": 1753, "石": 1754, "R": 1755, "伦": 1756, "东": 1757, "前": 1758, "钧": 1759, "质": 1760, "综": 1761, "凯": 1762, "校": 1763, "宅": 1764, "窗": 1765, "专": 1766, "栏": 1767, "性": 1768, "柔": 1769, "盖": 1770, "罐": 1771, "洵": 1772, "厚": 1773, "凡": 1774, "儿": 1775, "表": 1776, "淮": 1777, "恩": 1778, "榕": 1779, "丘": 1780, "插": 1781, "相": 1782, "集": 1783, "题": 1784, "字": 1785, "信": 1786, "历": 1787, "玲": 1788, "节": 1789, "房": 1790, "舒": 1791, "修": 1792, "铎": 1793, ")": 1794, "永": 1795, "混": 1796, "标": 1797, "9": 1798, "训": 1799, "力": 1800, "钢": 1801, "警": 1802, "交": 1803, "可": 1804, "掘": 1805, "黄": 1806, "镍": 1807, "调": 1808, "久": 1809, "炬": 1810, "沈": 1811, "正": 1812, "降": 1813, "中": 1814, "肾": 1815, "炮": 1816, "白": 1817, "纺": 1818, "奏": 1819, "盈": 1820, "芳": 1821, "体": 1822, "齐": 1823, "授": 1824, "售": 1825, "枢": 1826, "酿": 1827, "革": 1828, "务": 1829, "果": 1830, "侠": 1831, "价": 1832, "棋": 1833, "变": 1834, "锐": 1835, "耐": 1836, "候": 1837, "翼": 1838, "赤": 1839, "看": 1840, "攻": 1841, "型": 1842, "婴": 1843, "主": 1844, "洪": 1845, "湖": 1846, "颈": 1847, "货": 1848, "U": 1849, "菏": 1850, "隋": 1851, "耿": 1852, "辉": 1853, "岷": 1854, "组": 1855, "麦": 1856, "比": 1857, "沙": 1858, "所": 1859, "鹰": 1860, "梳": 1861, "杜": 1862, "曹": 1863, "秋": 1864, "婉": 1865, "缆": 1866, "禽": 1867, "矿": 1868, "佐": 1869, "拟": 1870, "加": 1871, "迩": 1872, "赋": 1873, "牌": 1874, "丹": 1875, "驶": 1876, "凰": 1877, "醒": 1878, "拍": 1879, "压": 1880, "饲": 1881, "运": 1882, "冀": 1883, "烯": 1884, "坝": 1885, "裕": 1886, "味": 1887, "势": 1888, "绵": 1889, "赏": 1890, "潜": 1891, "硕": 1892, "万": 1893, "传": 1894, "炉": 1895, "联": 1896, "衫": 1897, "桃": 1898, "阴": 1899, "船": 1900, "滕": 1901, "<unk>": 1902, "<pad>": 1903, "<start>": 1904, "<end>": 1905}